Workbook

Sheet Data
A1: ID | B1: USMER | C1: MEDICAL_UNIT | D1: SEX | E1: PATIENT_TYPE | F1: INTUBED | G1: PNEUMONIA | H1: AGE | I1: PREGNANT | J1: DIABETES | K1: COPD | L1: ASTHMA | M1: INMSUPR | N1: HYPERTENSION | O1: OTHER_DISEASE | P1: CARDIOVASCULAR | Q1: OBESITY | R1: RENAL_CHRONIC | S1: TOBACCO | T1: ICU | U1: DEGREE | V1: DEATH | W1: Comorbidity_Count | X1: Comorbidity_Category
A2: 1 | B2: 0 | C2: 12 | D2: Female | E2: 1 | F2: 97 | G2: 0 | H2: 26 | I2: 0 | J2: 0 | K2: 0 | L2: 0 | M2: 0 | N2: 0 | O2: 0 | P2: 0 | Q2: 0 | R2: 0 | S2: 0 | T2: 97 | U2: 3 | V2: 0 | W2: =SUM($G2,$J2,$K2,$L2,$M2,$N2,$O2,$P2,$Q2,$R2,$S2) -> 0 | X2: =IF($W2=0,"No Comorbidities",IF($W2=1,"1 Comorbidity",IF(AND($W2>=2,$W2<12),"2 or More Comorbidities"))) -> No Comorbidities
A3: 2 | B3: 0 | C3: 4 | D3: Male | E3: 1 | F3: 97 | G3: 0 | H3: 40 | I3: 97 | J3: 1 | K3: 0 | L3: 0 | M3: 0 | N3: 0 | O3: 0 | P3: 0 | Q3: 1 | R3: 0 | S3: 0 | T3: 97 | U3: 3 | V3: 0 | W3: =SUM($G3,$J3,$K3,$L3,$M3,$N3,$O3,$P3,$Q3,$R3,$S3) -> 2 | X3: =IF($W3=0,"No Comorbidities",IF($W3=1,"1 Comorbidity",IF(AND($W3>=2,$W3<12),"2 or More Comorbidities"))) -> 2 or More Comorbidities
A4: 3 | B4: 1 | C4: 3 | D4: Female | E4: 1 | F4: 97 | G4: 0 | H4: 62 | I4: 0 | J4: 0 | K4: 0 | L4: 0 | M4: 0 | N4: 1 | O4: 0 | P4: 0 | Q4: 0 | R4: 0 | S4: 0 | T4: 97 | U4: 7 | V4: 0 | W4: =SUM($G4,$J4,$K4,$L4,$M4,$N4,$O4,$P4,$Q4,$R4,$S4) -> 1 | X4: =IF($W4=0,"No Comorbidities",IF($W4=1,"1 Comorbidity",IF(AND($W4>=2,$W4<12),"2 or More Comorbidities"))) -> 1 Comorbidity
A5: 4 | B5: 0 | C5: 9 | D5: Female | E5: 1 | F5: 97 | G5: 0 | H5: 61 | I5: 0 | J5: 0 | K5: 0 | L5: 0 | M5: 0 | N5: 0 | O5: 0 | P5: 0 | Q5: 1 | R5: 0 | S5: 0 | T5: 97 | U5: 3 | V5: 0 | W5: =SUM($G5,$J5,$K5,$L5,$M5,$N5,$O5,$P5,$Q5,$R5,$S5) -> 1 | X5: =IF($W5=0,"No Comorbidities",IF($W5=1,"1 Comorbidity",IF(AND($W5>=2,$W5<12),"2 or More Comorbidities"))) -> 1 Comorbidity
A6: 5 | B6: 0 | C6: 12 | D6: Female | E6: 1 | F6: 97 | G6: 0 | H6: 15 | I6: 0 | J6: 0 | K6: 0 | L6: 0 | M6: 0 | N6: 0 | O6: 0 | P6: 0 | Q6: 0 | R6: 0 | S6: 0 | T6: 97 | U6: 7 | V6: 0 | W6: =SUM($G6,$J6,$K6,$L6,$M6,$N6,$O6,$P6,$Q6,$R6,$S6) -> 0 | X6: =IF($W6=0,"No Comorbidities",IF($W6=1,"1 Comorbidity",IF(AND($W6>=2,$W6<12),"2 or More Comorbidities"))) -> No Comorbidities
A7: 6 | B7: 0 | C7: 12 | D7: Male | E7: 1 | F7: 97 | G7: 0 | H7: 26 | I7: 97 | J7: 0 | K7: 0 | L7: 0 | M7: 0 | N7: 0 | O7: 0 | P7: 0 | Q7: 0 | R7: 0 | S7: 0 | T7: 97 | U7: 3 | V7: 0 | W7: =SUM($G7,$J7,$K7,$L7,$M7,$N7,$O7,$P7,$Q7,$R7,$S7) -> 0 | X7: =IF($W7=0,"No Comorbidities",IF($W7=1,"1 Comorbidity",IF(AND($W7>=2,$W7<12),"2 or More Comorbidities"))) -> No Comorbidities
A8: 7 | B8: 0 | C8: 12 | D8: Female | E8: 1 | F8: 97 | G8: 0 | H8: 39 | I8: 0 | J8: 0 | K8: 0 | L8: 0 | M8: 0 | N8: 0 | O8: 0 | P8: 0 | Q8: 1 | R8: 0 | S8: 0 | T8: 97 | U8: 7 | V8: 0 | W8: =SUM($G8,$J8,$K8,$L8,$M8,$N8,$O8,$P8,$Q8,$R8,$S8) -> 1 | X8: =IF($W8=0,"No Comorbidities",IF($W8=1,"1 Comorbidity",IF(AND($W8>=2,$W8<12),"2 or More Comorbidities"))) -> 1 Comorbidity
A9: 8 | B9: 1 | C9: 9 | D9: Female | E9: 0 | F9: 0 | G9: 0 | H9: 23 | I9: 0 | J9: 0 | K9: 0 | L9: 0 | M9: 0 | N9: 0 | O9: 1 | P9: 0 | Q9: 0 | R9: 0 | S9: 0 | T9: 0 | U9: 7 | V9: 0 | W9: =SUM($G9,$J9,$K9,$L9,$M9,$N9,$O9,$P9,$Q9,$R9,$S9) -> 1 | X9: =IF($W9=0,"No Comorbidities",IF($W9=1,"1 Comorbidity",IF(AND($W9>=2,$W9<12),"2 or More Comorbidities"))) -> 1 Comorbidity
A10: 9 | B10: 1 | C10: 12 | D10: Female | E10: 1 | F10: 97 | G10: 0 | H10: 35 | I10: 0 | J10: 0 | K10: 0 | L10: 0 | M10: 0 | N10: 0 | O10: 0 | P10: 0 | Q10: 0 | R10: 0 | S10: 0 | T10: 97 | U10: 3 | V10: 0 | W10: =SUM($G10,$J10,$K10,$L10,$M10,$N10,$O10,$P10,$Q10,$R10,$S10) -> 0 | X10: =IF($W10=0,"No Comorbidities",IF($W10=1,"1 Comorbidity",IF(AND($W10>=2,$W10<12),"2 or More Comorbidities"))) -> No Comorbidities
A11: 10 | B11: 1 | C11: 12 | D11: Male | E11: 0 | F11: 0 | G11: 1 | H11: 51 | I11: 97 | J11: 1 | K11: 0 | L11: 0 | M11: 0 | N11: 1 | O11: 0 | P11: 0 | Q11: 0 | R11: 1 | S11: 0 | T11: 0 | U11: 7 | V11: 0 | W11: =SUM($G11,$J11,$K11,$L11,$M11,$N11,$O11,$P11,$Q11,$R11,$S11) -> 4 | X11: =IF($W11=0,"No Comorbidities",IF($W11=1,"1 Comorbidity",IF(AND($W11>=2,$W11<12),"2 or More Comorbidities"))) -> 2 or More Comorbidities
A12: 11 | B12: 1 | C12: 12 | D12: Male | E12: 1 | F12: 97 | G12: 0 | H12: 35 | I12: 97 | J12: 0 | K12: 0 | L12: 0 | M12: 0 | N12: 0 | O12: 0 | P12: 0 | Q12: 0 | R12: 0 | S12: 0 | T12: 97 | U12: 3 | V12: 0 | W12: =SUM($G12,$J12,$K12,$L12,$M12,$N12,$O12,$P12,$Q12,$R12,$S12) -> 0 | X12: =IF($W12=0,"No Comorbidities",IF($W12=1,"1 Comorbidity",IF(AND($W12>=2,$W12<12),"2 or More Comorbidities"))) -> No Comorbidities
A13: 12 | B13: 1 | C13: 4 | D13: Female | E13: 0 | F13: 0 | G13: 1 | H13: 43 | I13: 0 | J13: 0 | K13: 0 | L13: 0 | M13: 0 | N13: 0 | O13: 0 | P13: 0 | Q13: 0 | R13: 0 | S13: 0 | T13: 0 | U13: 3 | V13: 1 | W13: =SUM($G13,$J13,$K13,$L13,$M13,$N13,$O13,$P13,$Q13,$R13,$S13) -> 1 | X13: =IF($W13=0,"No Comorbidities",IF($W13=1,"1 Comorbidity",IF(AND($W13>=2,$W13<12),"2 or More Comorbidities"))) -> 1 Comorbidity
... A10000: 9999 | B10000: 1 | C10000: 4 | D10000: Male | E10000: 0 | F10000: 0 | G10000: 0 | H10000: 58 | I10000: 97 | J10000: 0 | K10000: 0 | L10000: 0 | M10000: 0 | N10000: 0 | O10000: 0 | P10000: 0 | Q10000: 0 | R10000: 0 | S10000: 0 | T10000: 0 | U10000: 6 | V10000: 1 | W10000: =SUM($G10000,$J10000,$K10000,$L10000,$M10000,$N10000,$O10000,$P10000,$Q10000,$R10000,$S10000) -> 0 | X10000: =IF($W10000=0,"No Comorbidities",IF($W10000=1,"1 Comorbidity",IF(AND($W10000>=2,$W10000<12),"2 or More Comorbidities"))) -> No Comorbidities

Sheet Q1
C2: Catrgory_Comorbidity | D2: Count of Patients
C3: No Comorbidities | D3: =COUNTIF(Data!$X$2:$X$10000,'Q1'!$C3) -> 5352
C4: 1 Comorbidity | D4: =COUNTIF(Data!$X$2:$X$10000,'Q1'!$C4) -> 2474
C5: 2 or More Comorbidities | D5: =COUNTIF(Data!$X$2:$X$10000,'Q1'!$C5) -> 1922

Sheet Q2
B2: Total Patients hospitalized | C2: =COUNTIF(Data!E2:E10000,"1") -> 8036
B3: Total female patients hospitalized | C3: =COUNTIFS(Data!$D$2:$D$10000,"Female",Data!$E$2:$E$10000,"1") -> 4227
B4: Percentage of female patients hospitalized | C4: =C3/C2 -> 0.52600796

Sheet Q3
A1: INTUBED | B1: 1
A2: ICU | B2: 1
A4: Average of AGE | B4: Column Labels
A5: Medical_Unit | B5: Female | C5: Male | D5: Grand Total
A6: 3 | C6: 34 | D6: 34
A7: 4 | B7: 53.5 | C7: 43.111111 | D7: 48
A8: 6 | B8: 68 | C8: 42.6 | D8: 46.833333
A9: 9 | B9: 51 | C9: 56.461538 | D9: 56.071429
A10: 10 | B10: 59.5 | C10: 49 | D10: 54.25
A11: 11 | B11: 58 | C11: 59 | D11: 58.333333
A12: 12 | B12: 40.5 | C12: 51.333333 | D12: 47.912281
A13: Grand Total | B13: 47.21875 | C13: 50.169014 | D13: 49.252427

Sheet Q4
B3: Total No of Patients | C3: =COUNTA(Data!$A$2:$A$10000) -> 9999
B4: No of patients where Degree>=5 and Death=1 | C4: =COUNTIFS(Data!$U$2:$U$10000,">=5",Data!$V$2:$V$10000,"1") -> 210
B5: Percentage of patients where Degree>=5 and Death=1 | C5: =C4/C3 -> 0.0210021

Sheet Q5-Q6
